CHROM,POS,TRUTH_CALL,CELL_LINES
chr2,25235677,1,GM12878
chr2,25246633,1,GM12878
chr4,54733270,2,GM12878
chr4,105275794,1,GM12878
chr7,148809304,1,GM12878
chr7,148811741,1,GM12878
chr7,148846433,1,GM12878
chr13,28018409,1,GM12878
chr13,28035908,1,GM12878
chr13,28036046,1,GM12878
chr17,7674797,1,GM12878
chr1,114714048,1,GM24385
chr2,25248300,2,GM24385
chr4,54703788,1,GM24385
chr4,54733270,1,GM24385
chr7,148810442,1,GM24385
chr7,148811741,2,GM24385
chr7,148846433,2,GM24385
chr11,32392787,1,GM24385
chr12,112477630,1,GM24385
chr13,28036046,2,GM24385
chr17,7674797,2,GM24385
