CHROM,POS,CELL_LINES,CALL
chr4,54733270,GM12878,2
chr7,148808972,GM12878,2
chr13,28036046,GM24385,2
chr17,7674797,GM24385,2
chr7,148808972,GM24385,2
chr7,148811741,GM24385,2
chr7,148846433,GM24385,2
chr13,28018409,GM12878,1
chr13,28035908,GM12878,1
chr13,28036046,GM12878,1
chr17,7674797,GM12878,1
chr2,25235677,GM12878,1
chr2,25246633,GM12878,1
chr4,105275794,GM12878,1
chr4,54736599,GM12878,1
chr7,148809304,GM12878,1
chr7,148811741,GM12878,1
chr7,148846433,GM12878,1
chr11,32392787,GM24385,1
chr12,112477630,GM24385,1
chr1,114714048,GM24385,1
chr4,54703788,GM24385,1
chr4,54733270,GM24385,1
chr4,54736599,GM24385,1